{
  "execPath": "/home/chris/.platformio/packages/toolchain-atmelavr/bin/avr-g++",
  "gccDefaultCFlags": "-fsyntax-only -std=gnu11 -fno-fat-lto-objects -Os -ffast-math -Os -Wall -ffunction-sections -fdata-sections -flto -mmcu=atmega328p -DPLATFORMIO=40003 -DARDUINO_AVR_NANO -DF_CPU=16000000L -DARDUINO_ARCH_AVR -DARDUINO=10805 -D__AVR_ATmega328P__",
  "gccDefaultCppFlags": "-fsyntax-only -fno-exceptions -fno-threadsafe-statics -fpermissive -std=gnu++11 -Os -ffast-math -Os -Wall -ffunction-sections -fdata-sections -flto -mmcu=atmega328p -DPLATFORMIO=40003 -DARDUINO_AVR_NANO -DF_CPU=16000000L -DARDUINO_ARCH_AVR -DARDUINO=10805 -D__AVR_ATmega328P__",
  "gccErrorLimit": 15,
  "gccIncludePaths": "/home/chris/Schreibtisch/Megasquirt_Derivate/Lambda/BL49SP/LambdaCtrl/include,/home/chris/Schreibtisch/Megasquirt_Derivate/Lambda/BL49SP/LambdaCtrl/src,/home/chris/.platformio/packages/framework-arduinoavr/libraries/__cores__/arduino/SPI/src,/home/chris/.platformio/packages/framework-arduinoavr/libraries/__cores__/arduino/Wire/src,/home/chris/Schreibtisch/Megasquirt_Derivate/Lambda/BL49SP/LambdaCtrl/lib/FastPID,/home/chris/.platformio/packages/framework-arduinoavr/cores/arduino,/home/chris/.platformio/packages/framework-arduinoavr/variants/eightanaloginputs,/home/chris/.platformio/packages/framework-arduinoavr/libraries/__cores__/arduino/EEPROM/src,/home/chris/.platformio/packages/framework-arduinoavr/libraries/__cores__/arduino/HID/src,/home/chris/.platformio/packages/framework-arduinoavr/libraries/__cores__/arduino/SoftwareSerial/src,/home/chris/.platformio/packages/toolchain-atmelavr/avr/include,/home/chris/.platformio/packages/toolchain-atmelavr/lib/gcc/avr/5.4.0/include,/home/chris/.platformio/packages/toolchain-atmelavr/lib/gcc/avr/5.4.0/include-fixed,/home/chris/.platformio/packages/tool-unity",
  "gccSuppressWarnings": false
}
